dayofweek,avedepdelay
1,9.101745046
2,5.889151641
3,3.576442594
4,15.10120435
5,18.64968722
6,22.0555155
7,18.69336242
